Category,Subcategory,Post_Title,Primary_Keyword,Angle,Priority,Validation_Count,Word_Count,Your_Decision
Integration,Integration Hub,[HUB] Integration Guide: Connect AI Receptionist to Your Tech Stack (CRM, Calendar, Phone Systems & More),integration guide AI receptionist,"MEGA AUTHORITY HUB (5000+ words) covering ALL integration categories: CRM (HubSpot/Salesforce/Pipedrive/Zoho/etc), Calendar (Calendly/Google/Outlook/Apple), Automation (Zapier/Make.com), Phone Systems (Verizon/RingCentral/Twilio), Field Service (Housecall Pro/Jobber), Legal (Clio/MyCase), Website (WordPress/Webflow), Communication (Slack/Teams), Accounting (QuickBooks/Stripe), Marketing (Google Business Profile/Typeform), Project Management (Asana/Trello), Email (Mailchimp), Dispatch (Towbook/Samsara), API/Developer. Comparison tables, decision trees, internal links to all 75 platform-specific guides.",High,100+,5000-6000,
Integration,CRM Integrations,How to Integrate NextPhone with HubSpot CRM: Complete Setup Guide,HubSpot integration guide,"Field mapping walkthrough, contact sync, deal creation, activity logging - prevents common integration errors with screenshots",High,10+,2000-2500,
Integration,CRM Integrations,NextPhone Salesforce Integration: Automated Lead Capture Setup,Salesforce integration,"Enterprise CRM with Package installation, lead/contact creation, opportunity tracking, custom field mapping",High,8+,2000-2500,
Integration,CRM Integrations,Integrate Answering Service with Pipedrive: Automated Call Logging Setup,Pipedrive call integration,"Sales-focused CRM with automatic call logging, deal creation, pipeline stage triggers - removes manual data entry",High,7+,2000-2500,
Integration,CRM Integrations,Zoho CRM Phone Integration: Complete NextPhone Setup Guide,Zoho CRM phone integration,"SMB-friendly CRM with module mapping (Leads, Contacts, Deals), workflow rules, blueprint integration",High,6+,2000-2500,
Integration,CRM Integrations,Airtable + NextPhone: Build Custom Lead Database with Real-Time Sync,Airtable integration,"No-code database for non-technical users, custom field sync, flexible schema, accessible alternative to traditional CRMs",High,5+,2000-2500,
Integration,CRM Integrations,HighLevel CRM + NextPhone Integration: All-in-One Platform Setup,HighLevel integration,"Marketing agency platform with CRM + automation, popular in agency/consultant space",Medium,3+,1500-2000,
Integration,CRM Integrations,Follow Up Boss + AI Receptionist Integration for Real Estate Teams,Follow Up Boss AI integration,"Real estate CRM with lead routing, showing coordination, agent assignment - vertical specific",High,4+,2000-2500,
Integration,CRM Integrations,LionDesk Real Estate CRM + NextPhone: Lead Capture Setup,LionDesk integration,"Real estate CRM alternative, property inquiry qualification, agent matching workflows",Medium,2+,1500-2000,
Integration,CRM Integrations,Contactually + NextPhone: Real Estate Relationship Management Integration,Contactually integration,"Real estate relationship CRM, long-term follow-up, sphere of influence tracking",Low,1-2,1000-1500,
Integration,CRM Integrations,Monday.com + NextPhone: Project Management CRM Integration,Monday.com integration,"Work OS platform for service businesses, visual workflow boards, team collaboration",Medium,2+,1500-2000,
Integration,CRM Integrations,Copper CRM + NextPhone: Google Workspace Native Integration,Copper CRM integration,"Google Workspace native CRM, appeals to Google Calendar/Gmail users",Low,1-2,1000-1500,
Integration,CRM Integrations,Insightly CRM + NextPhone: Project-Based Business Integration,Insightly integration,CRM + project management hybrid for agencies/consultants,Low,1-2,1000-1500,
Integration,CRM Integrations,Capsule CRM + NextPhone: Simple Contact Management Integration,Capsule integration,"Lightweight CRM for small businesses, affordable enterprise alternative",Low,1-2,1000-1500,
Integration,CRM Integrations,Freshsales + NextPhone: Freshworks CRM Integration Guide,Freshsales integration,"Freshworks ecosystem CRM for SMBs, AI-based lead scoring, email/phone integration, affordable Salesforce alternative",Medium,2+,1500-2000,
Integration,Calendar Integrations,Connect NextPhone to Calendly: Real-Time Availability Sync,Calendly integration,"Voice-to-calendar booking, availability checking, meeting type selection, reschedule/cancel automation - reduces no-shows",High,12+,2000-2500,
Integration,Calendar Integrations,NextPhone Google Calendar Integration: Two-Way Sync Guide,Google Calendar sync,"Real-time availability, team calendar management, blackout dates, OAuth setup, double-booking prevention",High,10+,2000-2500,
Integration,Calendar Integrations,Outlook Calendar AI Appointment Sync for Service Businesses,Outlook Calendar integration,"Microsoft 365 users, enterprise/SMB overlap, Exchange server sync",High,7+,2000-2500,
Integration,Calendar Integrations,Apple Calendar (iCloud) Integration for AI Receptionist,Apple Calendar sync,"Apple business users (creative/professional services), iCloud sync, Mac/iPhone ecosystem",Medium,4+,1500-2000,
Integration,Calendar Integrations,Cal.com Open-Source Scheduling + AI Receptionist Integration,Cal.com integration,"Open-source Calendly alternative, developer-friendly, self-hosted options",Medium,3+,1500-2000,
Integration,Calendar Integrations,Acuity Scheduling Phone Integration for Service Professionals,Acuity Scheduling integration,"Therapists/coaches/consultants vertical, advanced scheduling, intake forms, packages",Medium,4+,1500-2000,
Integration,Automation Platforms,Zapier + NextPhone: No-Code Phone Answering Automation,Zapier phone automation,"Workflow automation across 5000+ apps, no-code for non-technical users, call → CRM, missed call → Slack",High,8+,2000-2500,
Integration,Automation Platforms,Make.com AI Receptionist Automation: Visual Workflow Builder & Multi-App Integration,Make.com integration,"Visual workflow builder, multi-step scenarios, advanced logic, Zapier alternative with more flexibility",Medium,3+,1500-2000,
Integration,Automation Platforms,n8n + NextPhone: Self-Hosted Workflow Automation for AI Receptionist,n8n integration,"Open-source automation, self-hosted option, developer audience, privacy-conscious businesses",Low,1-2,1000-1500,
Integration,Phone Systems / VoIP,Verizon Business Phone + AI Receptionist Integration Guide,Verizon Business integration,"Major US business carrier, existing Verizon customers, call forwarding setup, enterprise market",High,4+,2000-2500,
Integration,Phone Systems / VoIP,AT&T Business Phone AI Receptionist Setup Guide,AT&T Business integration,"Major US carrier alongside Verizon, enterprise customers, business phone integration",High,3+,2000-2500,
Integration,Phone Systems / VoIP,T-Mobile for Business + NextPhone: Mobile-First AI Receptionist Integration,T-Mobile Business integration,"Mobile-first business users, nationwide 5G coverage, business phone integration",Medium,2+,1500-2000,
Integration,Phone Systems / VoIP,RingCentral to NextPhone Migration: VoIP Switch Guide,RingCentral migration,"Competitor switching angle for VoIP market, cost comparison, feature parity, migration guide",High,6+,2000-2500,
Integration,Phone Systems / VoIP,Twilio AI Receptionist API Setup: Developer Integration Guide,Twilio integration,"Developer/API-first audience, technical tutorial with code examples, webhook config, programmable voice",High,5+,2000-2500,
Integration,Phone Systems / VoIP,Vonage Business + NextPhone: VoIP Integration & Migration Guide,Vonage integration,"Established VoIP provider, business communication platform, UCaaS features",Medium,2+,1500-2000,
Integration,Phone Systems / VoIP,Nextiva Alternative: AI Receptionist for Business Phone Systems,Nextiva alternative,"Competitor positioning in VoIP market, cost savings, unified communications replacement",High,4+,2000-2500,
Integration,Phone Systems / VoIP,Migrate from Grasshopper to AI Voice: Step-by-Step Setup Guide,migrate from Grasshopper,"Small business VoIP users, entrepreneur-focused platform, simple migration path",Medium,4+,1500-2000,
Integration,Phone Systems / VoIP,Ooma Office + NextPhone: Small Business Phone Integration,Ooma integration,"Small business VoIP provider, affordable platform users, hybrid local/cloud setup",Low,1-2,1000-1500,
Integration,Phone Systems / VoIP,8x8 Voice + NextPhone: Enterprise Communication Integration,8x8 integration,"Enterprise UCaaS platform, contact center features, global presence",Low,1-2,1000-1500,
Integration,Phone Systems / VoIP,Dialpad + NextPhone: AI-Powered VoIP Integration,Dialpad integration,"AI-native VoIP platform, tech-forward businesses, voice intelligence features",Medium,2+,1500-2000,
Integration,Phone Systems / VoIP,AI Receptionist vs. Zoom Phone: When Intelligent Call Handling Beats Basic VoIP,Zoom Phone alternative,"Video meeting users adding phone, basic VoIP upgrade to intelligent handling",Medium,2+,1500-2000,
Integration,Phone Systems / VoIP,Google Voice + NextPhone: Upgrade to Intelligent Business Phone,Google Voice alternative,"Small businesses outgrowing free Google Voice, upgrade path to professional system",Medium,3+,1500-2000,
Integration,Phone Systems / VoIP,OpenPhone + NextPhone: Modern Business Phone Integration,OpenPhone integration,"Startup/modern business phone users, shared team numbers, mobile-first platform",Low,1-2,1000-1500,
Integration,Phone Systems / VoIP,Aircall + NextPhone: Call Center Integration for Growing Teams,Aircall integration,"Sales/support teams using Aircall, call center features, CRM-integrated calling",Low,1-2,1000-1500,
Integration,Phone Systems / VoIP,Talkdesk + NextPhone: Contact Center Platform Integration,Talkdesk integration,"Enterprise contact center platform, omnichannel support, workforce management, CCaaS market leader",Medium,2+,1500-2000,
Integration,Phone Systems / VoIP,Five9 + NextPhone: Cloud Contact Center Integration,Five9 integration,"Cloud contact center solution, intelligent routing, CRM integration for customer service teams",Medium,2+,1500-2000,
Integration,Phone Systems / VoIP,Genesys Cloud + NextPhone: Enterprise CCaaS Integration,Genesys Cloud integration,"Enterprise CCaaS platform, AI-powered routing, customer experience focus, large organization support",Medium,2+,1500-2000,
Integration,Phone Systems / VoIP,GoTo Connect + NextPhone: Unified Communications Integration,GoTo Connect integration,"GoTo brand UCaaS platform, video/voice/messaging unified, SMB communication solution",Medium,2+,1500-2000,
Integration,Phone Systems / VoIP,Mitel + NextPhone: Enterprise Phone System Integration,Mitel integration,"Enterprise phone systems, legacy PBX replacement, on-premise/cloud hybrid solutions",Low,1-2,1000-1500,
Integration,Field Service Software,Housecall Pro Phone Answering: NextPhone Integration Guide,Housecall Pro integration,"HVAC/plumbing vertical, job booking, technician availability, customer profile sync, service type routing",High,7+,2000-2500,
Integration,Field Service Software,Jobber AI Receptionist Integration: Contractor Workflow Automation,Jobber integration,"Contractor vertical (HVAC/plumbing/electrical), job request creation, scheduling automation, dispatch",High,6+,2000-2500,
Integration,Field Service Software,ServiceM8 + NextPhone: Field Service Call-to-Job Automation,ServiceM8 integration,"Australian/global field service platform, job card creation, mobile technician app integration",Low,2+,1000-1500,
Integration,Legal Software,Clio AI Receptionist Integration: Matter Creation, Calendar Sync & Client Intake Automation,Clio integration,"Legal vertical, matter creation, calendar sync, client intake, conflict check, activity timeline",High,8+,2000-2500,
Integration,Legal Software,MyCase + AI Receptionist Integration: Automate Legal Intake Calls,MyCase integration,"Legal practice management, alternative to Clio, intake forms, document management",Medium,3+,1500-2000,
Integration,Legal Software,PracticePanther + NextPhone: Legal Workflow Automation,PracticePanther integration,"Legal practice management, billing integration, time tracking from calls",Low,1-2,1000-1500,
Integration,Legal Software,LawRuler + NextPhone: Personal Injury Case Management Integration,LawRuler integration,"Personal injury law vertical, case intake, lead scoring, settlement tracking",Low,1-2,1000-1500,
Integration,Website Platforms,WordPress AI Receptionist Plugin: Add Phone Answering to Your Site,WordPress plugin,"Largest website platform (40% of web), plugin for easy integration, click-to-call widgets",High,4+,2000-2500,
Integration,Website Platforms,Webflow Click-to-Call AI Receptionist Widget Integration,Webflow integration,"Designer/agency audience, no-code website builder, modern business sites",Medium,2+,1500-2000,
Integration,Website Platforms,Squarespace AI Receptionist: Click-to-Call Widget Setup,Squarespace integration,"Service business website platform, local business sites, simple widget installation",Low,1-2,1000-1500,
Integration,Communication Tools,Slack Notifications: Get Alerted When Important Calls Come In,Slack integration,"Team collaboration, webhook setup, channel routing, custom alert triggers for urgent calls",High,5+,2000-2500,
Integration,Communication Tools,Microsoft Teams Integration: Route Calls to Correct Teams Channel,Microsoft Teams integration,"Enterprise collaboration, channel mapping, @mention alerts, call data sync to Teams",Medium,3+,1500-2000,
Integration,Communication Tools,Discord + NextPhone: Community-Based Business Communication Setup,Discord integration,"Modern community-driven businesses, server notifications, role-based alerts",Low,1,1000-1500,
Integration,Accounting / Payment Software,QuickBooks Integration: AI Call Leads Become Billable Clients,QuickBooks integration,"Customer record creation, service item mapping, invoice workflow triggers, accounting automation",High,4+,2000-2500,
Integration,Accounting / Payment Software,Stripe + NextPhone: Payment Collection During Call Setup,Stripe integration,"Payment processing, deposit collection during booking, credit card on file workflows",Medium,1-2,1500-2000,
Integration,Accounting / Payment Software,Square + NextPhone: POS & Payment Integration for Service Businesses,Square integration,"Small business POS users, payment processing, appointment + payment coordination",Low,1,1000-1500,
Integration,Marketing & Local SEO,Google Business Profile Sync: AI Receptionist Answers Hours & Reviews Automatically,Google Business Profile,"Business info sync, automated hours responses, review sentiment routing, local SEO",High,3+,2000-2500,
Integration,Marketing & Local SEO,Google Local Service Ads + AI Phone Integration: Instant Response & Call Tracking,Google Local Service Ads,"Lead generation for service businesses, instant response requirements, Google Guaranteed ranking",High,2+,2000-2500,
Integration,Marketing & Local SEO,Yelp + NextPhone: Track & Respond to Review-Driven Calls,Yelp integration,"Review-driven leads, tracking which Yelp listing drove call, sentiment-based routing",Low,1,1000-1500,
Integration,Marketing & Local SEO,Typeform + NextPhone: Form Submission to Phone Call Automation,Typeform integration,"Form builder integration, lead qualification via forms, trigger calls from Typeform submissions, form-to-phone workflows",Medium,2+,1500-2000,
Integration,Project Management,Asana + NextPhone: Convert Calls to Project Tasks Automatically,Asana integration,"Project-based businesses, call → task creation, team assignment from calls",Low,1-2,1000-1500,
Integration,Project Management,Trello + NextPhone: Call-to-Card Automation for Visual Workflows,Trello integration,"Visual board users, simple task management, call creates card in pipeline",Low,1,1000-1500,
Integration,Project Management,ClickUp + NextPhone: All-in-One Workspace Integration,ClickUp integration,"Power users with complex workflows, custom fields, hierarchy, automation",Low,1,1000-1500,
Integration,Email Marketing,Mailchimp + NextPhone: Add Call Leads to Email Sequences,Mailchimp integration,"Email marketing platform, add callers to nurture sequences, audience segmentation",Medium,1-2,1500-2000,
Integration,Email Marketing,ActiveCampaign + NextPhone: Marketing Automation from Phone Calls,ActiveCampaign integration,"Marketing automation platform, trigger campaigns from calls, lead scoring",Low,1,1000-1500,
Integration,Email Marketing,Constant Contact + NextPhone: Email List Growth from Calls,Constant Contact integration,"Small business email marketing, add callers to lists, event promotion",Low,1,1000-1500,
Integration,Dispatch & Routing,Towbook + NextPhone: Towing Dispatch Integration,Towbook integration,"Towing industry vertical, roadside emergency dispatch, real-time routing",Low,1,1000-1500,
Integration,Dispatch & Routing,Samsara + NextPhone: Fleet Management Integration,Samsara integration,"Fleet-based businesses, GPS routing, technician location, dispatch optimization",Low,1,1000-1500,
Integration,Dispatch & Routing,Route4Me + NextPhone: Route Optimization Integration,Route4Me integration,"Delivery/service route businesses, multi-stop optimization, appointment routing",Low,1,1000-1500,
Integration,API / Developer,AI Receptionist API Integration Tutorial for Developers,AI receptionist API integration,"Custom integration development, webhook setup, RESTful endpoints, authentication",Medium,2+,1500-2000,
Integration,API / Developer,Webhook Setup Guide: Connect AI Receptionist to Any Platform,webhook integration guide,"Real-time event notifications, custom integrations, developer documentation",Medium,3+,1500-2000,
Integration,API / Developer,Build Custom AI Receptionist Integrations: Developer Guide,custom integration development,"Enterprise custom requirements, proprietary systems, technical implementation",Low,1-2,1000-1500,
Features,Features Hub,[HUB] AI Receptionist Features Guide: Complete Capabilities Overview,AI receptionist features,"MEGA AUTHORITY HUB (5000+ words) covering ALL feature capabilities: 24/7 After-Hours Coverage, Emergency Call Handling, Bilingual/Spanish Support, Appointment Scheduling, Call Recording & Transcription, Voicemail Transcription, IVR Integration, Lead Qualification, Spam Filtering, Call Forwarding, Call Transfer & Escalation, Analytics & Reporting, Multi-Location Support, SMS/Text Messaging. Feature comparison tables, use case examples, setup guides linking to all detailed feature posts.",High,150+,5000-6000,
Features,Core Capabilities,24/7 AI Answering Service: Always-On Phone Coverage Without Hiring Staff,24/7 answering service,"Always-on availability, after-hours coverage, night/weekend handling, business hours vs after-hours routing, holiday coverage, voicemail elimination - never miss a call again",High,50+,2000-2500,
Features,Core Capabilities,After-Hours AI Phone System: Emergency Routing & Customer Support Automation,after hours answering service,"After-hours call management, business hours configuration, emergency escalation protocols, voicemail fallback, timezone handling, holiday schedules",High,50+,2000-2500,
Features,Core Capabilities,Emergency Call Routing Setup for Service Businesses (HVAC, Plumbing, Contractors),emergency call routing,"Emergency vs routine triage, urgent call escalation, after-hours emergency handling, on-call staff coordination, safety escalation keywords, priority routing rules",High,40+,2000-2500,
Features,Core Capabilities,Bilingual AI Receptionist: Spanish & English Call Handling with Language Detection,bilingual AI receptionist,"Spanish-English bilingual support, automatic language detection, cultural customization, accent handling, multilingual support (11 languages), Latino market reach",High,30+,2000-2500,
Features,Core Capabilities,AI Appointment Scheduling: Real-Time Booking with Calendar Sync,AI appointment scheduling,"Real-time appointment booking, calendar integration, availability checking, double-booking prevention, confirmation/reminder workflows, rescheduling logic, no-show tracking",High,40+,2000-2500,
Features,Core Capabilities,Custom Lead Qualification: Train AI to Ask Your Specific Qualification Questions,lead qualification AI custom,"Custom qualification questions, BANT framework customization, industry-specific qualification, lead scoring logic tailored to your business, hot lead identification, CRM field mapping, sales team handoff with custom criteria",High,25+,2000-2500,
Features,Core Capabilities,IVR Integration with AI Receptionist: After-Hours Call Handling Setup,IVR integration AI receptionist,"IVR to AI routing, after-hours IVR configuration, multi-level IVR with AI fallback, conversational IVR, when to route to AI vs human, phone tree modernization",High,20+,2000-2500,
Features,Core Capabilities,Live Booking During Calls: Send Calendar Links via Text or Book Over the Phone,live booking during calls,"Send Calendly/booking link via SMS during call, offer available time slots over phone, real-time booking during conversation, text-to-book workflows, instant appointment confirmation",High,15+,2000-2500,
Features,Call Management,Call Recording & Transcription: Why It Matters for AI Receptionists,call recording AI receptionist,"Call recording setup, voicemail transcription, searchable transcripts, transcript delivery (email/CRM/dashboard), call quality analysis, compliance/consent management",Medium,15+,1500-2000,
Features,Call Management,Voicemail Transcription: Save 5+ Hours/Week by Reading Instead of Listening,voicemail transcription,"Automated voicemail-to-text, email delivery, searchable voicemail archive, sentiment analysis, priority flagging, integration with CRM/email",Medium,10+,1500-2000,
Features,Call Management,Spam & Robocall Filtering: Block Bad Callers Before They Reach You,spam call filtering,"Automatic spam detection, robocall filtering, caller ID verification, STIR/SHAKEN, whitelist/blacklist management, telemarketing blocking",Medium,8+,1500-2000,
Features,Call Management,Call Forwarding Setup: Conditional & Time-Based Routing Guide,call forwarding setup,"Business call forwarding, conditional forwarding, sequential vs simultaneous routing, time-based forwarding, voicemail integration, failover configuration",Medium,12+,1500-2000,
Features,Call Management,Call Transferring: How AI Receptionists Hand Off to Human Staff Seamlessly,call transferring AI receptionist,"Warm transfer protocols, context preservation during handoff, escalation triggers, AI-to-human transition, hybrid AI+human models, zero fumbled handoffs, call routing to team members",Medium,10+,1500-2000,
Features,Call Management,Email Notifications After Calls: Automated Follow-Up & Call Summaries,email notifications after calls,"Automated email notifications following calls, call summary delivery, action items, missed call alerts, team notifications, CRM integration for email follow-ups",Medium,8+,1500-2000,
Features,Call Management,Instant Call Pickup: Answer in 1 Ring for Immediate Response,instant call pickup,"1-ring pickup, immediate answer, instant response time, no hold music, zero wait time, faster than human pickup, always-ready availability",High,12+,2000-2500,
Features,Analytics & Insights,Call Analytics Dashboard: Track Volume, Trends & Performance Metrics,call analytics dashboard,"Performance metrics, conversation intelligence, sentiment analysis, daily call digests, keyword tracking, ROI tracking, call volume trends, peak hour analysis",Medium,15+,1500-2000,
Features,Advanced Features,Multi-Location Call Routing: Territory-Based Setup for Franchises,multi-location call routing,"Multi-location routing, franchise answering service, territory-based routing, ZIP code routing, centralized management, location-specific greetings",Medium,8+,1500-2000,
Features,Advanced Features,SMS Follow-Up After Calls: Timing, Sequences & Message Templates,SMS follow-up,"SMS follow-up after calls, text messaging automation, multi-channel communication (phone+SMS+email), RCS messaging, TCPA compliance, appointment reminders",Medium,12+,1500-2000,
Features,Advanced Features,Intelligent Call Routing: Multi-Location, Skill-Based & Emergency Routing,intelligent call routing,"Multi-location routing, skill-based routing, emergency vs non-emergency triage, time-of-day routing, failover logic, CRM-based routing, department routing",Medium,15+,1500-2000,
Features,Advanced Features,Multi-Call Management: Handle 100s of Calls Simultaneously in Parallel,multi-call management parallel,"Handle unlimited simultaneous calls, parallel call processing, no busy signals, 100+ concurrent calls, scale during peak hours, surge capacity without limits",High,10+,2000-2500,
Features,Advanced Features,Peak Call Management: Handle Sudden Surges from 1 to 20+ Calls Instantly,peak call management surge,"Handle sudden call spikes (1 call → 20 calls instantly), automatic scaling during peaks, no missed calls during rush hours, Black Friday/holiday surge handling, seasonal peak capacity, vs human receptionists who get overwhelmed",High,15+,2000-2500,
Features,Advanced Features,Deep Customization & Personalization: Train AI on Your Full Website & Policies,AI customization personalization,"Train AI on full website content, custom policy integration, brand voice customization, industry-specific knowledge base, company information training, deep personalization for accurate responses",High,20+,2000-2500,
Competitors,Competitors Hub,[HUB] AI Receptionist vs Traditional Phone Solutions: Complete Comparison Guide,AI receptionist vs answering service,"MEGA AUTHORITY HUB (5000+ words) covering ALL traditional alternatives and upgrade paths: Human/Hybrid Answering Services (Ruby, Smith.ai, AnswerConnect, Abby Connect, VoiceNation, SAS, Posh), Business Phone System Integration (RingCentral, Nextiva, Google Voice, Grasshopper), Legacy System Replacement (IVR, PBX, Auto-Attendant, Contact Center). Comprehensive comparison tables (cost structures: per-minute vs flat-rate, features, scalability, 24/7 coverage), decision frameworks (when humans are better vs when AI wins), migration guides, TCO analysis, switching checklists. Links to all detailed alternative posts below. NO direct AI competitor comparisons - focus on disrupting traditional answering services with AI technology.",High,200+,5000-6000,
Competitors,Answering Services,Ruby Receptionists vs AI: When to Switch from Human+AI Hybrid to AI-First,Ruby Receptionists vs AI,"Hybrid service using humans + AI tools, cost comparison (Ruby's per-call vs flat AI), when human cost becomes bottleneck, chat+voice comparison, switching guide for Ruby customers, what Ruby does well (complex screening) vs AI advantages (scale, consistency, 24/7, instant surge handling). Ruby = biggest answering service brand, high search volume.",High,25+,2000-2500,
Competitors,Answering Services,Smith.ai vs AI Receptionist: Hybrid Service vs Pure AI Comparison,Smith.ai vs AI,"Hybrid answering service, legal industry focus, per-call pricing vs unlimited AI, intake form integration comparison, CRM sync capabilities, when to switch to AI-first. Smith.ai = strong brand in legal vertical, good SEO opportunity.",High,20+,2000-2500,
Competitors,Answering Services,AnswerConnect Alternative: Replace Human Answering with AI Receptionist,AnswerConnect alternative,"Established human answering service, per-minute cost structure, when humans are better (complex legal intake, sensitive calls), scalability limitations, after-hours pricing, AI cost advantage for high-volume businesses. AnswerConnect = well-known brand, valuable comparison.",High,15+,2000-2500,
Competitors,Answering Services,Best Answering Services Compared: Abby Connect vs VoiceNation vs AI Receptionist,best answering services,"CONSOLIDATION POST covering multiple human answering services in one comprehensive comparison: Abby Connect (8am-8pm coverage, per-call pricing), VoiceNation (per-minute pricing, multilingual), Specialty Answering Service / SAS (long-standing service, industry scripting), Posh Virtual Receptionists (boutique premium service). Comparison table with pricing, hours, scalability, features. When each service makes sense vs when AI receptionist wins (cost at scale, 24/7, instant surge handling, consistency). Captures ""best answering service"" keyword cluster.",High,30+,2000-2500,
Competitors,Answering Services,After Hours Answering Service: Human vs AI 24/7 Coverage & Cost Comparison,after hours answering service,"After-hours coverage comparison: human answering services (night/weekend/holiday premiums, limited hours like 8am-8pm, per-minute surcharges after 5pm) vs AI flat-rate 24/7 (no premium pricing, true 24/7/365, instant pickup at 2am same as 2pm). Industries needing after-hours coverage: medical, HVAC emergency, legal intake, property management emergencies, towing. Cost analysis: human services charge 1.5-2x rates for nights/weekends vs AI unlimited flat pricing. Reliability comparison: human staffing challenges on holidays vs AI always available. Captures ""after hours answering service"", ""24/7 answering service"", ""weekend answering service"", ""holiday coverage"" keyword cluster.",High,200+,2000-2500,
Competitors,Phone System Integration,Use Your RingCentral Number with AI Receptionist: Integration & IVR Replacement Guide,RingCentral AI integration,"NOT a competitor - integration partner. Keep RingCentral number, add AI answering on top, replace RingCentral IVR/auto-attendant with intelligent AI, manage one branch with AI while keeping RingCentral for main system, call forwarding setup, coexistence strategies. Upgrade from basic VoIP to intelligent call handling.",High,8+,2000-2500,
Competitors,Phone System Integration,Nextiva + AI Receptionist: Use Your Business Number with Intelligent Call Handling,Nextiva AI integration,"Integration partner not competitor. Use existing Nextiva number with NextPhone AI, replace Nextiva call trees/IVR with conversational AI, branch management (AI handles one location while Nextiva handles others), upgrade from basic VoIP to intelligent answering. Keep your phone system, add AI answering layer.",High,6+,2000-2500,
Competitors,Phone System Integration,Google Voice to AI Receptionist: Upgrade Your Free Number to Professional Answering,Google Voice upgrade,"Small business using free Google Voice, upgrade path to professional AI answering, keep same number with call forwarding, limitations of Google Voice (no IVR, basic voicemail, unprofessional), AI upgrade benefits (professional greeting, appointment scheduling, CRM integration, 24/7), easy migration guide. HUGE search volume for ""Google Voice alternative"".",High,5+,2000-2500,
Competitors,Phone System Integration,Grasshopper + AI Receptionist: Add Intelligence to Your Virtual Phone System,Grasshopper AI upgrade,"Entrepreneur phone system, keep Grasshopper number + add AI answering, replace basic Grasshopper voicemail/extensions with conversational AI, small business upgrade path from simple virtual number to intelligent receptionist, call forwarding setup. Entrepreneur audience.",Medium,4+,1500-2000,
Competitors,Legacy System Replacement,Replace Outdated IVR with Conversational AI: Modern Call Routing Guide,replace IVR with AI,"Modernize press-1-for-sales IVR systems, conversational AI vs button menus (""press 1 for sales, 2 for support""), reduce caller frustration (74% of callers hate IVR), improve call completion rates, migration strategy, maintain existing phone system while upgrading call handling. Common pain point = high search intent.",High,8+,2000-2500,
Competitors,Legacy System Replacement,Legacy Auto-Attendant Upgrade: From Scripted Menus to Intelligent AI Conversations,upgrade auto-attendant,"Replace old auto-attendant recordings (""your call is important to us""), conversational AI vs scripted menus, eliminate clunky directory dialing, natural language call routing (""I need to schedule an appointment"" vs ""press 3""), keep existing PBX infrastructure. Modernization angle.",Medium,5+,1500-2000,
Competitors,Legacy System Replacement,On-Premise PBX to Cloud AI Migration: Modernization Guide for Service Businesses,on-prem PBX to cloud AI,"Replace aging on-prem PBX systems (Avaya, Cisco, Mitel hardware), eliminate hardware maintenance costs, cloud cost savings (no server room, no IT staff for phone system), scalability benefits, migration planning, phone number porting, zero downtime switchover. SMBs with old PBX hardware.",Medium,4+,1500-2000,
Competitors,Legacy System Replacement,Enterprise Contact Center Alternatives: Replace Genesys Five9 Talkdesk with AI Receptionist,contact center alternative,"CONSOLIDATION POST covering enterprise CCaaS platforms: Genesys Cloud (complex enterprise platform, overkill for SMBs), Five9 (per-agent pricing vs flat AI rate, call center focus), Talkdesk (enterprise feature bloat), GoTo Connect (UCaaS suite). When AI receptionist beats full contact center for service businesses (not call centers - HVAC, legal, real estate don't need enterprise CCaaS). Cost comparison, feature parity for SMB needs, setup simplicity. SMBs evaluating enterprise platforms when simpler AI receptionist would work better.",Medium,8+,1500-2000,
Use Cases & Workflows,Appointment & Scheduling,Appointment No-Show Prevention: Confirmation Calls Reminder Sequences & Reschedule Automation,appointment no-show prevention,"Reduce no-shows by 30-50% with automated workflows: confirmation calls 24-48 hours before appointment, SMS reminder sequences (3-day, 1-day, 2-hour reminders), reschedule automation when customer cancels, calendar gap-filling when slot opens, penalty policies for repeated no-shows. Industry-specific examples: medical offices (insurance verification + confirmation), salons (service reminder + upsell), contractors (weather-dependent reschedule logic). ROI calculator: cost of no-show vs automation cost.",High,50+,2000-2500,
Use Cases & Workflows,Multi-Location & Routing,Multi-Location Call Routing Playbook: Franchise Territory & Centralized Management,multi-location call routing,"Franchise/multi-location businesses: territory-based routing (ZIP code, area code, caller ID lookup), location-specific greetings (""Thank you for calling NextPhone Dallas""), centralized management dashboard (corporate oversight of all locations), overflow routing (Dallas full → route to Houston), location-specific hours (beach location summer hours vs winter hours), regional promotion handling. Examples: franchise QSR, multi-location HVAC, regional law firms, property management companies. Setup guide with decision tree.",High,40+,2000-2500,
Use Cases & Workflows,Lead Qualification,HVAC Lead Qualification: Emergency vs Maintenance Triage & Seasonal Routing,HVAC lead qualification workflow,"HVAC-specific qualification workflow: emergency vs non-emergency triage (no heat in winter = emergency, tune-up = schedule next week), residential vs commercial routing, system type identification (furnace, AC, heat pump, boiler), warranty status check, seasonal routing logic (summer = AC priority, winter = heating priority), technician skill matching (commercial HVAC vs residential), on-call dispatch for emergencies. Qualification questions script, routing decision tree, after-hours escalation protocol.",High,60+,2000-2500,
Use Cases & Workflows,Lead Qualification,Legal Intake Qualification Workflow: Practice Area Routing & Conflict Checking,legal intake qualification,"Law firm intake workflow: practice area identification (family law, criminal defense, personal injury, estate planning, business law), conflict check automation (check existing clients before booking consultation), case urgency assessment (statute of limitations, time-sensitive cases), geographic jurisdiction (licensed to practice in caller's state?), case type qualification (contingency vs hourly vs flat fee), consultation booking with correct attorney, intake form completion, retainer discussion. Question templates by practice area, qualification scoring, referral handling when can't take case.",High,55+,2000-2500,
Use Cases & Workflows,Lead Qualification,Real Estate Lead Qualification: Buyer vs Seller Intent & Showing Coordination,real estate lead qualification,"Real estate agent lead qualification: buyer vs seller intent, price range qualification (prevent tire-kickers), pre-approval status (serious buyers have pre-approval letter), timeline urgency (buying now vs 6 months), geographic area (agent's territory), property type (single-family, condo, commercial, land), showing availability coordination (agent calendar + property availability), agent matching (buyer agent vs listing agent vs investor specialist). Lead scoring, CRM integration, showing booking workflow.",Medium,45+,1500-2000,
Use Cases & Workflows,Call Handling & Transfer,Call Transfer & Escalation Protocols: When AI Transfers to Humans,call transfer escalation protocol,"When AI should transfer to human: complex technical questions beyond knowledge base, angry/upset callers requiring empathy, high-value VIP customers (automatic human routing), multi-step troubleshooting requiring back-and-forth, pricing negotiation, contract discussions, specific person request (""I need to speak with John""). Transfer triggers, warm transfer vs cold transfer (AI provides context to human), escalation hierarchy (receptionist → manager → owner), after-hours escalation (when to wake up on-call staff vs schedule callback), transfer analytics (track transfer reasons to improve AI training).",High,35+,2000-2500,
Use Cases & Workflows,Integration & Automation,15 Integration Workflow Recipes: Multi-Step Automation Examples,integration workflow recipes,"Popular multi-step automation workflows: 1) New lead call → Create HubSpot contact + Send Slack alert to sales + Book Calendly consultation, 2) Service request call → Create Jobber job + Assign technician + Send customer confirmation SMS, 3) Appointment booking → Add to Google Calendar + Send confirmation email + Create Pipedrive deal + Update lead status, 4) After-hours emergency → Send SMS to on-call staff + Create high-priority ticket + Log in CRM with ""URGENT"" tag, 5) Voicemail left → Transcribe + Email to owner + Schedule callback task in CRM. 15 recipes total with Zapier/Make.com screenshots, webhook configuration, error handling.",High,60+,2500-3000,
Use Cases & Workflows,Follow-Up & Engagement,SMS Follow-Up Automation Playbook: Post-Call Sequences Timing & Templates,SMS follow-up automation,"Post-call SMS automation: immediate confirmation (""Thanks for calling, your appointment is confirmed for [DATE]""), 1-hour follow-up (missed call → ""We missed your call, here's my calendar link to book: [URL]""), next-day engagement (""Hi [NAME], following up on your service request. Any questions?""), review request sequence (3 days after service: ""How did we do? Leave a review: [LINK]""), re-engagement for non-responders (7 days: ""Still interested in [SERVICE]? Reply YES to schedule""). Timing strategy, message templates by industry, TCPA compliance (opt-in requirements, opt-out handling), A/B testing SMS copy, click-through rate optimization.",High,45+,2000-2500,
Use Cases & Workflows,Follow-Up & Engagement,Payment Collection During Calls: Deposit Automation & Stripe Integration,payment collection during calls,"Collect payments over phone: deposit collection for appointments (hold appointment slot with $50 deposit), credit card on file (store card for future billing without processing now), instant booking confirmation with payment (""I'll charge your card $X and send confirmation email""), Stripe integration setup (PCI compliance, secure card tokenization), refund automation (no-show penalty, cancellation policy), payment plan setup over phone (""$500 total, pay $100 today and $100/month for 4 months""). Industries: contractors (project deposits), salons (appointment deposits), consultants (session fees), event planners (venue deposits). Compliance, security, failed payment handling.",Medium,20+,1500-2000,
Use Cases & Workflows,Follow-Up & Engagement,Voicemail Follow-Up Automation: Callback Scheduling & Engagement Sequences,voicemail follow-up automation,"When voicemail is left: automated transcription → email to owner with transcript + caller info, instant callback scheduling (""We received your voicemail, schedule a callback here: [LINK]""), SMS follow-up (""Hi [NAME], we got your message about [TOPIC]. Can we call you back at [TIME]?""), lead scoring in CRM (voicemail = lower urgency than live answered call), multi-touch follow-up sequence (voicemail → SMS 5 min later → Email 1 hour later → Phone callback next business day), abandoned voicemail handling (caller hung up mid-message). Voicemail greeting optimization, response time SLAs, follow-up templates.",Medium,30+,1500-2000,
Use Cases & Workflows,Seasonal & Surge,Seasonal Surge Management Protocols: Black Friday Tax Season & HVAC Rush,seasonal surge management,"Prepare for predictable surges: Black Friday e-commerce (10x normal call volume, ""We're experiencing high call volume, order online at [URL] for instant confirmation""), tax season accounting (January-April surge, extended hours, overflow to partner firm), summer AC rush HVAC (June-August, pre-book maintenance appointments in May, surge pricing communication), holiday retail (November-December, gift card sales, return policy questions), storm/disaster response contractors (roofing after hail, tree service after hurricane, 500% call spike in 48 hours). Pre-surge preparation checklist, staffing strategy (AI handles surge, humans do complex calls), post-surge analysis.",High,40+,2000-2500,
Use Cases & Workflows,Analytics & Optimization,Call Analytics & Reporting Playbook: KPIs Dashboards & Optimization Strategies,call analytics reporting playbook,"Which metrics to track: answer rate (% of calls answered vs missed), average handle time (how long each call takes), transfer rate (% calls transferred to human), booking rate (% calls that result in appointment), lead capture rate (% calls that provide contact info), call volume by time of day (staffing optimization), call source tracking (which marketing channel drove call), sentiment analysis (positive vs negative calls), revenue per call (appointment value, close rate). Weekly review checklist, dashboard setup in Google Data Studio, A/B testing greeting scripts, optimization strategies (reduce transfer rate by improving AI training, improve booking rate with better availability communication).",Medium,25+,1500-2000,
Use Cases & Workflows,Onboarding & Customer Journey,New Customer Onboarding Workflow: First Call to Fully Onboarded,new customer onboarding workflow,"End-to-end onboarding: first call (interest inquiry → qualification → consultation booking), pre-consultation prep (send intake form, service agreement, pricing sheet via email), consultation appointment (discovery call, needs assessment, proposal), proposal follow-up (automated email 24 hours after consultation: ""Here's your custom proposal""), contract signing (e-signature integration, deposit collection), onboarding kickoff (welcome email, account setup instructions, project timeline), first service delivery, post-service follow-up (satisfaction survey, review request, referral ask), ongoing engagement (quarterly check-ins, service renewal reminders). Multi-touch automation, CRM stage progression, drop-off prevention (re-engage no-shows at each stage).",Medium,25+,1500-2000,
Use Cases & Workflows,Call Handling & Transfer,After-Hours Emergency Triage: Emergency vs Non-Emergency Routing Logic,after-hours emergency triage,"After-hours call routing logic: true emergency (no heat in winter, burst pipe, legal arrest, medical urgent care) → instant transfer to on-call staff, moderate urgency (AC not working in summer but not heatwave, legal consultation needed soon) → collect info + schedule early next-morning callback, low urgency (routine appointment request, general inquiry) → schedule next business day callback. Escalation triggers, on-call rotation (who's on call tonight?), emergency contact tree (try technician → try manager → try owner), emergency vs non-emergency examples by industry (HVAC: no heat in winter with kids/elderly = emergency, routine maintenance = non-urgent), caller expectation management (""This is not an emergency, we'll call you back tomorrow at 9am"").",High,35+,2000-2500,
Use Cases & Workflows,Multi-Language,Multi-Language Call Handling: Language Detection & Bilingual Workflows,multi-language call handling,"Bilingual call handling: language detection (caller speaks Spanish → AI responds in Spanish), language preference storage (future calls automatically in preferred language), mid-call language switching (caller starts in English, switches to Spanish), bilingual greeting setup (""Press 1 for English, Oprima 2 para Español"" vs automatic detection), industry-specific terminology (HVAC Spanish terms: calefacción, aire acondicionado, legal Spanish terms: abogado, divorcio), bilingual appointment confirmation (SMS + email in caller's language), bilingual staff routing (Spanish speaker calls → route to bilingual technician if available), compliance (HIPAA translation requirements for medical). Supported languages, translation quality, accent handling.",Medium,20+,1500-2000,
Setup & Implementation,Quick Start & Configuration,How to Set Up AI Receptionist: Complete Configuration Guide,AI receptionist setup,"Complete end-to-end setup guide: account creation, phone number setup (new number vs forwarding existing), greeting script creation, business hours configuration, call routing rules, calendar integration, CRM connection, knowledge base upload, testing checklist. Step-by-step screenshots, estimated 30-60 minute total setup time. Reduces support burden, de-risks adoption for buyers. HIGH INTENT keyword (320/mo search volume).",High,320+,2500-3000,
Setup & Implementation,Quick Start & Configuration,AI Receptionist Setup Guide: Launch Checklist for Small Businesses,setup guide launch checklist,"Pre-launch checklist framework: ✅ Define call routing rules, ✅ Write greeting script, ✅ Set business hours, ✅ Connect calendar, ✅ Upload FAQs, ✅ Test with 10 scenarios, ✅ Soft launch to select customers, ✅ Monitor first week. Actionable checklist reduces implementation anxiety, builds confidence. 180/mo search volume.",High,180+,2000-2500,
Setup & Implementation,Phone Number & Migration,Phone Number Porting to NextPhone: No-Downtime Migration Guide,phone number porting,"User-approved topic. Step-by-step porting guide: request carrier release, submit porting form, verify number ownership, coordinate cutover window (typically 2-7 business days), test forwarding before full cutover, zero downtime migration strategy. Removes major switching barrier (fear of losing business phone number). Technical clarity on porting process competitors don't provide.",High,100+,2000-2500,
Setup & Implementation,Quick Start & Configuration,How to Set Up an AI Answering Service in Under 15 Minutes,how to set up AI answering service,"Quick start tutorial emphasizing speed: sign up (2 min), add phone number (3 min), record/write greeting (5 min), set business hours (2 min), test first call (3 min). Visual timeline, video walkthrough. Addresses ""how long does setup take"" buyer question. Reduces friction for time-constrained business owners.",High,150+,1500-2000,
Setup & Implementation,Onboarding & Migration,Zero-Disruption AI Receptionist Onboarding: A Step-by-Step Guide,onboard AI without disrupting business,"Business continuity focus: soft launch strategy (forward after-hours calls first, then overflow, then primary line), parallel run period (AI + human receptionist for 1 week), team communication plan (notify staff of AI deployment), customer communication (optional transparency), gradual transition checklist. Addresses change management concern.",High,120+,2000-2500,
Setup & Implementation,Quick Start & Configuration,AI Receptionist Setup Time: Complete Timeline Guide (Sign-Up to First Call),AI receptionist setup time,"Timeline transparency: Day 1 - Account setup + phone config (30 min), Day 1 - Greeting + routing rules (45 min), Day 1-2 - Calendar + CRM integration (1 hour), Day 2 - Knowledge base upload + training (1 hour), Day 2 - Testing (30 min), Day 3 - Soft launch, Week 1 - Monitor + optimize. Compare to weeks/months of hiring human receptionist. Consolidates 2 duplicate posts about setup time.",High,200+,2000-2500,
Setup & Implementation,Testing & Launch,Virtual Receptionist Onboarding: 25-Point Launch Readiness Checklist,virtual receptionist onboarding checklist,"Comprehensive pre-launch checklist with validation checkpoints: Phone Setup (5 items), Greeting & Scripts (4 items), Routing Rules (6 items), Integrations (4 items), Testing Scenarios (6 items). Each item has pass/fail criteria. Reduces time-to-value, ensures nothing missed. 140/mo search volume.",Medium,140+,1500-2000,
Setup & Implementation,AI Training & Optimization,Training AI Receptionist for Your Business: Best Practices Guide,training AI receptionist,"Post-purchase optimization: upload service menu + pricing, document common FAQs (20-30 questions), provide policy documents (refund, scheduling, cancellation), industry terminology glossary, upload website content for context, iterative improvement (review call logs weekly, add missing FAQs). Reduces churn, helps users get max value. 110/mo search volume.",Medium,110+,1500-2000,
Setup & Implementation,Advanced Configuration,AI Receptionist Advanced Configuration: Custom Workflows & Complex Routing,AI receptionist advanced configuration,"Power user content: multi-location routing with territory logic, skill-based routing (route HVAC vs plumbing calls differently), time-of-day routing rules, CRM-based routing (VIP customers → priority queue), webhook triggers for custom integrations, failover logic, emergency escalation protocols. Showcases advanced capabilities beyond basic setup. 90/mo search volume.",Medium,90+,1500-2000,
Setup & Implementation,Greeting Scripts & Customization,Custom Greeting Creation for AI Receptionist: Copywriting Guide + Industry Templates,custom AI receptionist greeting,"Practical greeting script guide: structure (greeting → company name → how can I help?), tone (professional vs friendly), industry templates (HVAC: ""Thank you for calling [Company], your trusted HVAC experts. Are you calling about heating, cooling, or maintenance?"", Legal: ""Thank you for calling [Law Firm]. Are you a current client or new client?"", Real Estate: ""Thank you for calling [Agent Name]. Are you looking to buy, sell, or get a market analysis?""). Removes ""how do I write this"" friction. 80/mo search volume.",Medium,80+,1500-2000,
Setup & Implementation,Onboarding & Migration,Migrating from Human to AI Receptionist: Complete Transition Playbook,migrate from human receptionist to AI,"Existing staff transition guide: role redefinition (receptionist → operations/customer success), hybrid workflow design (AI handles routine calls, human handles complex escalations), staff training on AI dashboard, change management communication, severance vs reassignment options, timeline (2-4 week transition period). Sensitive topic handled with empathy.",Medium,60+,1500-2000,
Setup & Implementation,Customization & Branding,AI Receptionist Customization: Voice Brand Tone & Personalization Complete Guide,AI receptionist customization voice brand,"Consolidates 3 customization posts. Brand voice customization: voice selection (male/female, accent, tone), personality settings (professional/friendly/casual slider), brand tone mapping (corporate vs startup vs local business), custom response templates, industry-specific language, script personalization variables ([CUSTOMER_NAME], [SERVICE_TYPE]). Addresses brand control concern, shows customization depth.",Medium,100+,1500-2000,
Objections & Trust,Transparency & Disclosure,Will Customers Know It's an AI Receptionist? (Transparency Best Practices),will customers know AI receptionist,"#1 objection: fear of deceiving customers. Transparency best practices: when to disclose (upfront vs only if asked), how to position AI honestly (""Our AI receptionist can help you..."" vs hiding it), customer reaction data (most don't care if AI is helpful), industries where transparency matters more (legal, medical), script examples. Builds trust through honesty guidance.",High,150+,2000-2500,
Objections & Trust,Reliability & Performance,Is AI Receptionist Reliable? 99.9% Uptime Accuracy & Performance Data,is AI receptionist reliable,"#2 core reliability objection. Uptime stats (99.9% cloud infrastructure vs human sick days/vacations), accuracy benchmarks (95%+ call handling accuracy), comparison to human error rates (62% of small businesses miss calls, 68% of callers won't call back), real performance metrics. Data-driven trust building.",High,120+,2000-2500,
Objections & Trust,Pain Points & Solutions,AI Receptionist vs Missed Calls: How 24/7 Coverage Solves the 62% Problem,AI receptionist missed calls solution,"Addresses missed call pain point with data: 62% of small businesses regularly miss calls, 68% of callers won't call back, average lost revenue per missed call ($1000-5000 depending on industry). AI solution: 24/7 coverage, no lunch breaks, no sick days, instant pickup, surge capacity. ROI calculator showing cost of missed calls vs AI investment.",High,100+,2000-2500,
Objections & Trust,Call Handling & Escalation,Can AI Receptionist Handle Angry Customers? (De-Escalation & Complaint Protocol),AI handle angry customers complaints,"#15 fear of AI failing with upset callers. Empathy programming examples (""I understand you're frustrated...""), de-escalation scripts, complaint routing protocol (angry caller → immediate human escalation), apology authority (what AI can/can't promise), escalation triggers (profanity, high emotion, refund requests). Shows AI limitations + human escalation safety net.",High,80+,2000-2500,
Objections & Trust,Coverage & Availability,AI Receptionist 24/7 Availability: Is It Really Always-On? (Uptime SLA),AI receptionist 24/7 uptime guarantee,"#25 always-on validation concern. 99.9% uptime SLA explanation, cloud infrastructure redundancy (multi-region failover), no sick days/vacations/holidays/nights/weekends, instant pickup at 2am same as 2pm, surge capacity (handle 1 call or 100 calls simultaneously), monitoring & alerts. Proves ""24/7"" is real not marketing.",High,90+,2000-2500,
Objections & Trust,Error Handling & Quality,Will AI Receptionist Make Mistakes? (Error Rates Quality Assurance & Improvement),will AI make mistakes,"#39 embarrassment fear. Honest acknowledgment: yes AI can make mistakes (5-10% edge cases), but compare to human error baseline (10-15% booking errors, 62% miss calls entirely), quality monitoring (call review dashboard), continuous improvement (AI learns from corrections), escalation protocol for uncertain situations (""Let me connect you with a team member for that""). Transparent about limitations.",High,70+,2000-2500,
Objections & Trust,Technology & Understanding,What Happens When AI Gets Confused? (Fallback Protocols & Human Escalation),what happens when AI confused,"Failure scenario transparency: confusion triggers (ambiguous questions, multiple intents, unfamiliar terminology), fallback responses (""I want to make sure I get this right - let me connect you with a team member""), human escalation design (warm transfer with context), error handling (apologize + transfer vs hang up), recovery protocol. Builds trust through honest limitation discussion.",Medium,60+,1500-2000,
Objections & Trust,Alternatives & Comparisons,AI Receptionist vs Voicemail: Which Captures More Leads? (Conversion Data),AI receptionist vs voicemail,"Alternative comparison for early-stage research: voicemail conversion rate (5-15% call back rate), AI receptionist conversion rate (80-95% immediate engagement), reasons callers don't leave voicemails (inconvenient, expect long wait for callback, competitor called back first), AI advantages (instant response, qualify + book appointment on first call, no phone tag). Positions AI as voicemail upgrade.",Medium,50+,1500-2000,
Objections & Trust,Technology & Understanding,Does AI Receptionist Really Understand Customers? (NLP Technology Explained),does AI really understand customers,"#9 comprehension doubt. NLP technology explained in simple terms: intent recognition (understands ""I need my AC fixed"" = service request), context awareness (remembers earlier in conversation), entity extraction (captures name, phone, address from natural speech), vs old IVR (press 1 for sales = rigid). Real conversation examples showing natural language understanding. Educates skeptics.",Medium,40+,1500-2000,
Objections & Trust,Customer Preference & Satisfaction,Do Customers Prefer AI or Human Receptionists? (2025 Survey Data & Trends),customers prefer AI or human receptionist,"#18 preference question. Customer satisfaction survey data: preference by age (Gen Z/Millennials prefer AI convenience, Boomers mixed), preference by industry (service businesses: customers prioritize speed over human touch for scheduling), transparency impact (disclosed AI = 90% satisfaction, hidden AI = 70% when discovered), hybrid model benefits (AI for routine, human for complex). Balanced perspective with data.",Medium,50+,1500-2000,
Compliance & Legal,Call Recording Compliance,Call Recording Laws by State: 2025 Compliance Guide for AI Receptionists,call recording laws by state,"HIGHEST search volume in entire research (420/mo). Factual state-by-state guide to call recording laws: one-party consent states (38 states - only one party needs to know), two-party consent states (12 states including CA, FL, PA, IL, MA, WA - all parties must consent), all-party consent (rare), penalties for violations by state. Educational reference content, NOT implementation guide - focus on legal facts, requirements, and differences between states. Removes major compliance blocker for buyers researching legal requirements. Non-HIPAA focus per user guidance. Authority content that LLMs will cite.",High,420+,2500-3000,
Troubleshooting & Support,AI Performance Issues,Why Your AI Receptionist Misunderstands Callers & How to Fix It,AI receptionist troubleshooting misunderstandings,"Post-purchase support content (Priority 81/100). Common AI misunderstanding scenarios: regional accents/dialects, industry jargon not in training data, ambiguous requests (""I need help"" without context), speaking too fast, background noise interference. Troubleshooting framework: review call transcripts → identify pattern → refine prompts → add examples → test with edge cases. Prompt debugging checklist: add industry-specific terminology, provide context examples, clarify ambiguous phrases. Links to AI training guide, call recording analysis. Reduces support burden, improves customer success.",Medium,80+,1500-2000,
Troubleshooting & Support,Call Routing Issues,Call Routing Failures & Escalations: Debugging Your Call Flow,call routing failures debugging,"Post-purchase support content (Priority 80/100). Common routing failure scenarios: calls not reaching correct department, time-based routing not triggering, CRM lookup failing, fallback logic not activating. Debugging methodology: visualize call flow diagram, check call logs for routing decisions, identify bottleneck (misconfigured rules, missing conditions, integration timeout), test routing logic with sample calls. Call flow troubleshooting checklist with log analysis guide. Links to advanced configuration, integration debugging.",Medium,70+,1500-2000,
Troubleshooting & Support,Human Escalation,Handling Callers Who Demand a Live Agent: Scripts & Escalation Logic,callers demand live agent human escalation,"Post-purchase support content (Priority 79/100). Objection handling for ""I want to talk to a real person"" scenarios. Escalation strategy framework: immediate transfer (high-value VIP customers, detected frustration), attempt resolution first (""I can help you with that, may I ask...""), explain AI capabilities (""I'm an AI assistant who can schedule appointments and answer questions - what can I help with?""). De-escalation scripts and smooth handoff protocols: preserve context during transfer, warm introduction to human agent, avoid repeated questions. Hybrid AI+human model positioning. Reduces escalation friction.",Medium,75+,1500-2000,
Optimization & Testing,Script Testing,A/B Testing Call Scripts: Which Greeting Gets Better Outcomes?,A/B testing call scripts greeting optimization,"Power-user optimization content (Priority 78/100). A/B testing methodology for AI receptionist scripts: hypothesis formation (e.g., ""friendly greeting vs professional greeting improves booking rate""), test design (split traffic 50/50, minimum 100 calls per variant), metric selection (conversion rate, call duration, customer satisfaction), statistical significance calculation. Script testing framework: greeting variations, qualification question order, closing CTA. Sample size calculator and testing timeline. Best practices: test one variable at a time, run for full week to account for day-of-week variance, document results. Links to conversion rate optimization, call analytics.",Medium,60+,1500-2000,
Optimization & Testing,Conversion Optimization,Conversion Rate Optimization: Track & Improve Your Call-to-Booking Rate,call to booking conversion rate CRO,"Power-user optimization content (Priority 83/100). CRO framework for AI receptionist performance: baseline metrics (current call-to-booking rate, qualification pass rate, objection types), performance analysis (where do callers drop off - during qualification, pricing discussion, scheduling), improvement strategies (script refinement, reduce friction in booking, address common objections upfront, streamline qualification questions). Industry benchmarks: service businesses (30-50% booking rate = good, 50-70% = excellent). Performance improvement playbook: identify bottleneck → test solution → measure impact → iterate. Links to A/B testing, call analytics dashboard, ROI tracking.",High,80+,2000-2500,
Overflow & Capacity Management,Hybrid Staffing Models,Hiring Virtual Receptionists During Busy Season: AI vs Hybrid Staffing Decision Framework,temporary virtual receptionist busy season,"Capacity planning content (Priority 82/100). Busy season staffing decision framework: when to stay AI-only (predictable surge patterns, sufficient capacity with multi-call handling), when to add hybrid human backup (unpredictable spikes, complex intake requiring human judgment, customer preference for human during high-stress emergencies). Cost analysis: AI flat-rate 24/7 vs temporary human receptionist ($15-25/hr, 2-4 week onboarding, training time, scheduling complexity). Hybrid model options: AI handles routine calls + human backup for overflow, AI after-hours + human during business hours, AI first-line + human escalation. Onboarding timeline comparison: AI (instant scale) vs human (2-4 weeks to train). Positioning: AI provides flexibility, can add humans if needed. Links to seasonal surge management, overflow handling strategies.",Medium,75+,1500-2000,
