Keyword,Monthly Volume,Growth Rate,Trend Stage,Positioning Value
generative AI receptionist,120,↑ 85%,Early Adoption,High
natural language processing receptionist,180,↑ 62%,Early Adoption,High
agentic AI customer service,150,↑ 78%,Early Adoption,High
AI voice agent business,290,↑ 110%,Growth,Very High
proactive AI assistant,110,↑ 45%,Early Adoption,Medium
multilingual AI receptionist,85,↑ 55%,Emerging,Medium
emotional intelligence AI support,65,↑ 40%,Emerging,Low
omnichannel AI receptionist,140,↑ 70%,Growth,High
AI-human hybrid customer service,210,↑ 92%,Growth,Very High
voice AI automation 2025,380,↑ 125%,Growth,Very High
conversational AI for business,520,↑ 88%,Growth,High
AI copilot for customer service,310,↑ 105%,Growth,Very High
zero-wait-time customer service,95,↑ 35%,Emerging,Medium
predictive AI customer support,70,↑ 50%,Emerging,Low
autonomous AI agents,420,↑ 145%,Hypergrowth,Very High
