Keyword,Monthly Volume,Purchase Intent,Funnel Stage
AI receptionist pricing,280,Very High,Decision
how much does AI receptionist cost,320,Very High,Decision
AI receptionist plans,190,Very High,Decision
NextPhone pricing,120,Very High,Decision
AI receptionist trial,410,Very High,Decision
get started with AI receptionist,240,Very High,Decision
AI receptionist implementation,160,High,Decision
setup AI receptionist business,130,High,Decision
AI receptionist ROI,280,High,Consideration-Decision
switch to AI receptionist,95,Medium-High,Decision
AI receptionist vs hiring staff,220,High,Consideration
AI receptionist money back guarantee,75,High,Decision
AI receptionist security,140,High,Decision
HIPAA compliant AI receptionist,180,Very High,Decision
enterprise AI receptionist solution,110,High,Decision
