Keyword,Monthly Search Volume,Search Difficulty,Commercial Intent,Conversion Potential
how to reduce missed calls business,890,18,High,High
phone call overflow management,520,22,High,High
business missed call solution,650,16,High,High
never miss a call again,440,14,High,Medium-High
reduce voicemail problems,280,11,Medium,Medium
call center overflow management,720,24,High,High
customer service response time improvement,"1,100",28,Medium,Medium
after-hours call handling,610,15,High,High
lead capture automation,840,19,Very High,Very High
prevent missed business opportunities,370,12,Medium,Medium
automated call screening,390,16,Medium,Medium
24/7 availability for small business,950,26,High,High
customer inquiry response time,520,20,Medium,Medium
call management software for SMB,480,19,High,High
business phone efficiency,360,17,Medium,Medium
